{
  "semantic": {
    "total_queries": 14,
    "total_results": 70,
    "precision_at_5": 0.8428571428571429,
    "mean_rating": 1.3,
    "highly_relevant_pct": 0.45714285714285713,
    "somewhat_relevant_pct": 0.38571428571428573,
    "not_relevant_pct": 0.15714285714285714,
    "rating_by_rank": {
      "1": 1.7142857142857142,
      "2": 1.5,
      "3": 1.2857142857142858,
      "4": 1.1428571428571428,
      "5": 0.8571428571428571
    },
    "category_performance": {
      "Educational": 1.3,
      "News": 1.5333333333333334,
      "Research Publication": 1.2,
      "Technical Documentation": 1.2
    }
  },
  "hybrid": {
    "total_queries": 14,
    "total_results": 70,
    "precision_at_5": 0.8571428571428571,
    "mean_rating": 1.4714285714285715,
    "highly_relevant_pct": 0.6142857142857143,
    "somewhat_relevant_pct": 0.24285714285714285,
    "not_relevant_pct": 0.14285714285714285,
    "rating_by_rank": {
      "1": 1.9285714285714286,
      "2": 1.3571428571428572,
      "3": 1.7857142857142858,
      "4": 1.1428571428571428,
      "5": 1.1428571428571428
    },
    "category_performance": {
      "Educational": 1.45,
      "News": 1.7333333333333334,
      "Research Publication": 1.3,
      "Technical Documentation": 1.4666666666666666
    }
  },
  "comparison": {
    "precision_improvement": 0.014285714285714235,
    "rating_improvement": 0.17142857142857149
  }
}